lambda,average_cost,cost_variance,average_runtime,average_hospitals
1,99.8818427349084,0.0,26.6737,99.0
10,907.9190244949468,0.0,21.00175,77.0
50,3151.5220582488373,4.928164632601991,11.561399999999999,39.0
100,4878.320422778901,0.6282309332820618,7.89715,27.5
