selection_rate,average_cost,cost_variance,average_runtime,average_hospitals
0.1,907.9190244949468,0.0,24.92105,77.0
0.15,907.9190244949468,0.0,25.571599999999997,77.0
