lambda,average_cost,cost_variance,average_runtime,average_hospitals
1,106.52804326802925,98.00610752173537,3.0422812700271606,98.3
10,915.3831924163253,132.19505121741707,2.4794192790985106,76.9
50,3227.2634350266335,881.3365505045733,1.6684963941574096,40.4
100,4957.92844460412,2596.824883208809,1.1716679573059081,26.4
