lambda,average_cost,cost_variance,average_runtime,average_hospitals
1,3945.057192520986,202857.9762919349,0.02105,24.5
10,4657.15359616912,726685.8867648187,0.01805,22.0
50,5384.517493069676,54761.16737863802,0.013649999999999999,19.5
100,6178.886123614138,1905.715504562072,0.01285,19.0
